model,category,dates,brier,log_loss,auc,mean_probability,observed_frequency
M0 climatology,good,504,0.1468772587269466,0.48319422890427804,,0.6168990563305597,1.0
M0 climatology,light_patchy,227,0.14590787082805118,0.48113072750673025,,0.6181838838014309,1.0
M0 climatology,none,452,0.3836049791251649,0.9660765369115281,,0.6192528146558103,0.0
M0 climatology,present_unspecified,1,0.1315991474271847,0.4506182934677352,,0.6372340321540833,1.0
M1 logistic means,good,504,0.11015974463530104,0.3705358432002171,,0.7184995757013162,1.0
M1 logistic means,light_patchy,227,0.1413233428657749,0.44110963260645225,,0.6808628515968866,1.0
M1 logistic means,none,452,0.2893543889701987,0.8097359482675814,,0.4790383054073844,0.0
M1 logistic means,present_unspecified,1,0.010458887101536038,0.10788447649995571,,0.8977312995020664,1.0
M2 hourly CNN,good,504,0.08777264262738194,0.31259978988078135,,0.7630957220237524,1.0
M2 hourly CNN,light_patchy,227,0.14713406842326396,0.4594538955906615,,0.6851901448770766,1.0
M2 hourly CNN,none,452,0.2670355666033362,0.7420195171717221,,0.43458253536538854,0.0
M2 hourly CNN,present_unspecified,1,0.007268348455458096,0.08910951426994591,,0.9147453904151917,1.0
