model,fold,dates,brier,log_loss,auc,mean_probability,observed_frequency
M0 climatology,1,306,0.2369445783951128,0.6668064121596728,0.5,0.6195899844169617,0.6143791079521179
M0 climatology,2,227,0.22864375430599093,0.6499265595424865,0.5,0.6102403402328491,0.6519823670387268
M0 climatology,3,244,0.2564596193050801,0.7069095943651796,0.5,0.6372340321540833,0.5450819730758667
M0 climatology,4,129,0.23556736996437388,0.663997933324897,0.5,0.6180095076560974,0.6201550364494324
M0 climatology,5,278,0.22768620048972013,0.6480072443461962,0.5,0.6059602499008179,0.6582733988761902
M1 logistic means,1,306,0.1783178004868928,0.5392007635312834,0.7803371799495131,0.6062592085220683,0.6143791079521179
M1 logistic means,2,227,0.19172651365302396,0.5692712481630701,0.7240848443380089,0.6071932165910258,0.6519823670387268
M1 logistic means,3,244,0.17852318252855665,0.5341307902344148,0.821445505656032,0.6295953745484227,0.5450819730758667
M1 logistic means,4,129,0.16894407427306563,0.5072982729723226,0.8109693877551021,0.6018340570034846,0.6201550364494324
M1 logistic means,5,278,0.19769404734509,0.5863348477115269,0.7049180327868853,0.6456714247928634,0.6582733988761902
M2 hourly CNN,1,306,0.16158126733735334,0.4930774476641217,0.8261810313739633,0.6120347057079616,0.6143791079521179
M2 hourly CNN,2,227,0.17493555724642165,0.5231343280011492,0.7860075265138556,0.6211247819799947,0.6519823670387268
M2 hourly CNN,3,244,0.1702594465345104,0.5071800981105355,0.8276773013615119,0.6008704688751184,0.5450819730758667
M2 hourly CNN,4,129,0.1572607069478601,0.4737224091699215,0.8316326530612245,0.6323470964667057,0.6201550364494324
M2 hourly CNN,5,278,0.17035976409562054,0.5137875306169409,0.7842968075927523,0.6511559095568686,0.6582733988761902
